Name,Email,Blood Group,Phone,Location
Md. Rahim Uddin,mdrahimuddin01@example.com,B-,+880 1000 001 947,"Dhanmondi, Dhaka"
Nusrat Jahan,nusratjahan02@example.com,O+,+880 1000 002 123,"Mirpur, Dhaka"
Sakib Hasan,sakibhasan03@example.com,A-,+880 1000 003 791,"Uttara, Dhaka"
Sumaiya Akter,sumaiyaakter04@example.com,AB+,+880 1000 004 182,"Mohammadpur, Dhaka"
Tanvir Ahmed,tanvirahmed05@example.com,O-,+880 1000 005 850,"Banani, Dhaka"
Mst. Farzana Yasmin,mstfarzanayasmin06@example.com,B+,+880 1000 006 833,"Gulshan, Dhaka"
Mehedi Hasan,mehedihasan07@example.com,AB-,+880 1000 007 346,"Badda, Dhaka"
Jannatul Ferdous,jannatulferdous08@example.com,A+,+880 1000 008 683,"Khilgaon, Dhaka"
Arif Hossain,arifhossain09@example.com,B-,+880 1000 009 563,"Rampura, Dhaka"
Tanjila Islam,tanjilaislam10@example.com,O+,+880 1000 010 168,"Motijheel, Dhaka"
Shakil Khan,shakilkhan11@example.com,A-,+880 1000 011 725,"Tejgaon, Dhaka"
Moumita Sultana,moumitasultana12@example.com,AB+,+880 1000 012 248,"Kafrul, Dhaka"
Rifat Rahman,rifatrahman13@example.com,O-,+880 1000 013 206,"Shyamoli, Dhaka"
Tasnim Ara,tasnimara14@example.com,B+,+880 1000 014 620,"Adabor, Dhaka"
Imran Kabir,imrankabir15@example.com,AB-,+880 1000 015 245,"Farmgate, Dhaka"
Sadia Afrin,sadiaafrin16@example.com,A+,+880 1000 016 384,"Malibagh, Dhaka"
Fahim Chowdhury,fahimchowdhury17@example.com,B-,+880 1000 017 199,"Wari, Dhaka"
Nabila Rahman,nabilarahman18@example.com,O+,+880 1000 018 410,"Jatrabari, Dhaka"
Shuvo Das,shuvodas19@example.com,A-,+880 1000 019 965,"Lalbagh, Dhaka"
Mariya Akter,mariyaakter20@example.com,AB+,+880 1000 020 850,"Pallabi, Dhaka"
Arafat Hossain,arafathossain21@example.com,O-,+880 1000 021 331,"Dhanmondi, Dhaka"
Sabrina Sultana,sabrinasultana22@example.com,B+,+880 1000 022 117,"Mirpur, Dhaka"
Nazmul Hasan,nazmulhasan23@example.com,AB-,+880 1000 023 688,"Uttara, Dhaka"
Rumana Islam,rumanaislam24@example.com,A+,+880 1000 024 441,"Mohammadpur, Dhaka"
Adnan Karim,adnankarim25@example.com,B-,+880 1000 025 996,"Banani, Dhaka"
Tania Rahman,taniarahman26@example.com,O+,+880 1000 026 780,"Gulshan, Dhaka"
Mahmudul Hasan,mahmudulhasan27@example.com,A-,+880 1000 027 817,"Badda, Dhaka"
Sanjida Akter,sanjidaakter28@example.com,AB+,+880 1000 028 249,"Khilgaon, Dhaka"
Asif Iqbal,asifiqbal29@example.com,O-,+880 1000 029 440,"Rampura, Dhaka"
Lamisa Noor,lamisanoor30@example.com,B+,+880 1000 030 956,"Motijheel, Dhaka"
Rakibul Islam,rakibulislam31@example.com,AB-,+880 1000 031 782,"Tejgaon, Dhaka"
Sharmin Akter,sharminakter32@example.com,A+,+880 1000 032 984,"Kafrul, Dhaka"
Jahid Hasan,jahidhasan33@example.com,B-,+880 1000 033 894,"Shyamoli, Dhaka"
Ishrat Jahan,ishratjahan34@example.com,O+,+880 1000 034 504,"Adabor, Dhaka"
Nayeem Ahmed,nayeemahmed35@example.com,A-,+880 1000 035 723,"Farmgate, Dhaka"
Mahiya Sultana,mahiyasultana36@example.com,AB+,+880 1000 036 405,"Malibagh, Dhaka"
Fardin Rahman,fardinrahman37@example.com,O-,+880 1000 037 998,"Wari, Dhaka"
Sohana Yasmin,sohanayasmin38@example.com,B+,+880 1000 038 305,"Jatrabari, Dhaka"
Saif Ahmed,saifahmed39@example.com,AB-,+880 1000 039 370,"Lalbagh, Dhaka"
Raisa Islam,raisaislam40@example.com,A+,+880 1000 040 335,"Pallabi, Dhaka"
Siam Hossain,siamhossain41@example.com,B-,+880 1000 041 414,"Dhanmondi, Dhaka"
Puja Das,pujadas42@example.com,O+,+880 1000 042 938,"Mirpur, Dhaka"
Abdullah Al Mamun,abdullahalmamun43@example.com,A-,+880 1000 043 519,"Uttara, Dhaka"
Mim Akter,mimakter44@example.com,AB+,+880 1000 044 601,"Mohammadpur, Dhaka"
Tahmid Rahman,tahmidrahman45@example.com,O-,+880 1000 045 455,"Banani, Dhaka"
Roksana Begum,roksanabegum46@example.com,B+,+880 1000 046 725,"Gulshan, Dhaka"
Ayon Chowdhury,ayonchowdhury47@example.com,AB-,+880 1000 047 344,"Badda, Dhaka"
Lamia Islam,lamiaislam48@example.com,A+,+880 1000 048 969,"Khilgaon, Dhaka"
Hasan Mahmud,hasanmahmud49@example.com,B-,+880 1000 049 650,"Rampura, Dhaka"
Sultana Parvin,sultanaparvin50@example.com,O+,+880 1000 050 660,"Motijheel, Dhaka"
